-- --------------------------------------------------------
-- Hôte:                         127.0.0.1
-- Version du serveur:           8.0.30 - MySQL Community Server - GPL
-- SE du serveur:                Win64
-- HeidiSQL Version:             12.1.0.6537
-- --------------------------------------------------------

/*!40101 SET @OLD_CHARACTER_SET_CLIENT=@@CHARACTER_SET_CLIENT */;
/*!40101 SET NAMES utf8 */;
/*!50503 SET NAMES utf8mb4 */;
/*!40103 SET @OLD_TIME_ZONE=@@TIME_ZONE */;
/*!40103 SET TIME_ZONE='+00:00' */;
/*!40014 SET @OLD_FOREIGN_KEY_CHECKS=@@FOREIGN_KEY_CHECKS, FOREIGN_KEY_CHECKS=0 */;
/*!40101 SET @OLD_SQL_MODE=@@SQL_MODE, SQL_MODE='NO_AUTO_VALUE_ON_ZERO' */;
/*!40111 SET @OLD_SQL_NOTES=@@SQL_NOTES, SQL_NOTES=0 */;


-- Listage de la structure de la base pour cinema_mvc
CREATE DATABASE IF NOT EXISTS `cinema_mvc` /*!40100 DEFAULT CHARACTER SET utf8mb3 COLLATE utf8mb3_bin */ /*!80016 DEFAULT ENCRYPTION='N' */;
USE `cinema_mvc`;

-- Listage de la structure de table cinema_mvc. acteur
CREATE TABLE IF NOT EXISTS `acteur` (
  `id_acteur` int NOT NULL AUTO_INCREMENT,
  `prenom` varchar(100) CHARACTER SET latin1 COLLATE latin1_swedish_ci DEFAULT NULL,
  `nom` varchar(100) CHARACTER SET latin1 COLLATE latin1_swedish_ci DEFAULT NULL,
  `sexe` varchar(50) DEFAULT NULL,
  `birthdate` date DEFAULT NULL,
  `path_img_acteur` longtext CHARACTER SET latin1 COLLATE latin1_swedish_ci,
  PRIMARY KEY (`id_acteur`) USING BTREE
) ENGINE=InnoDB AUTO_INCREMENT=34 DEFAULT CHARSET=latin1;

-- Listage des données de la table cinema_mvc.acteur : ~33 rows (environ)
INSERT INTO `acteur` (`id_acteur`, `prenom`, `nom`, `sexe`, `birthdate`, `path_img_acteur`) VALUES
	(1, 'Matthew', 'McConaughey', 'Homme', '1961-05-06', 'Matthew_McConaughey_2019_(48648344772).jpg'),
	(2, 'Sangoku', '', 'Homme', '1974-01-30', 'Kid sangoku.jpg'),
	(3, 'Broly', '', 'Homme', '1979-04-04', 'Dragonball Z - Broly.jpg'),
	(4, 'Daniel ', 'Radcliffe', 'Homme', '1980-07-31', 'DanielRadcliffe.jpg'),
	(5, 'Mackenzie', 'Foy', 'Femme', '2000-11-10', 'image-w856.webp'),
	(6, 'Rubert', 'Grint', 'Homme', '1988-08-24', 'Rupert-Grint-cette-seule-condition-pour-qu-il-revienne-dans-Harry-Potter.jpg'),
	(7, 'Emma', 'Watson', 'Femme', '1990-04-15', '226001-1.webp'),
	(8, 'Kirsten', 'Dunst', 'Femme', '1982-04-30', 'Kirsten-Dunst-actrice-incontournable.jpg'),
	(9, 'Jim', 'Sturgess', 'Homme', '1978-05-16', '432749.webp'),
	(10, 'Tom', 'Hanks', 'Homme', '1956-07-09', 'Tom_Hanks_TIFF_2019.jpg'),
	(11, 'Sam', 'Worthington', 'Homme', '1976-08-02', '437598-1.webp'),
	(12, 'Zoe', 'Saldana', 'Femme', '1978-06-19', 'Avatar_The_Way_of_Water_Tokyo_Press_Conference_Zoe_Saldaña_(52563431865)_(cropped2).jpg'),
	(13, 'Christian', 'Clavier', 'Homme', '1952-05-06', 'cc1_550_550.jpg'),
	(14, 'Gérard', 'Depardieu', 'Homme', '1948-12-27', 'image-w856 (1).webp'),
	(15, 'Jamel', 'Debbouze', 'Homme', '1975-06-18', '3960806.jpg'),
	(16, 'Johny', 'Depp', 'Homme', '1963-06-09', 'picture.jpg'),
	(17, 'Orlando', 'Bloom', 'Homme', '1977-01-13', '5143715-orlando-bloom-aout-2019-560x315-2.webp'),
	(18, 'Keira', 'Knightley', 'Femme', '1985-03-26', 'Keira-fear1.jpg'),
	(19, 'Brad', 'Pitt', 'Homme', '1963-12-18', '1374948.webp'),
	(20, 'Edward', 'Norton', 'Homme', '1969-08-18', 'Ed_Norton_Shankbone_Metropolitan_Opera_2009.jpg'),
	(21, 'Helena', 'Bonham Carter', 'Femme', '1966-05-26', 'image-w856 (2).webp'),
	(22, 'Lou', 'Romano', 'Homme', '1972-04-15', '304111.webp'),
	(23, 'Patton', 'Oswalt', 'Homme', '1969-01-27', 'ljQvjbPmcIAl205Lb2Mu4CW8WO7.jpg'),
	(24, 'Robin', 'Williams', 'Homme', '1951-07-21', 'robin-williams.jpeg'),
	(25, 'Embeth', 'Davidtz', 'Femme', '1965-08-11', 'MV5BMTcyNTUyOTU5OV5BMl5BanBnXkFtZTcwMjE5MjQ1Nw@@._V1_FMjpg_UX1000_.jpg'),
	(26, 'Matthew', 'Broderick', 'Homme', '1962-03-21', '640px-Matthew_Broderick_2012.jpg'),
	(27, 'James', 'Earl Jones', 'Homme', '1931-01-17', 'James_Earl_Jones_(8516667383).jpg'),
	(28, 'Jeremy', 'Irons', 'Homme', '1948-11-19', 'MV5BMTY5Mzg2NDY5OV5BMl5BanBnXkFtZTcwMDQwNzA0Mg@@._V1_FMjpg_UX1000_.jpg'),
	(29, 'Suzane', 'Pleshette', 'Femme', '1937-01-31', 'suzanne-pleshette_u-l-pjtyib0.jpg'),
	(30, 'Brigitte', 'Heim', 'Femme', '1906-03-17', 'a7mwxoeF34BCxmteoHQSB1ENth0.jpg'),
	(31, 'Rudolf', 'Klein-rogge', 'Man', '1927-02-17', 'Mabuse_gip.jpg'),
	(32, 'Al', 'Pacino', 'Man', '1974-05-05', '365823.webp'),
	(33, 'Michelle', 'Pfeiffer', 'Femme', '1958-04-29', 'undefined.webp');

-- Listage de la structure de table cinema_mvc. casting
CREATE TABLE IF NOT EXISTS `casting` (
  `film_id` int DEFAULT NULL,
  `acteur_id` int DEFAULT NULL,
  `role_id` int DEFAULT NULL,
  KEY `FK3_casting_role` (`role_id`),
  KEY `FK1_casting_movie` (`film_id`) USING BTREE,
  KEY `FK2_casting_actor` (`acteur_id`) USING BTREE,
  CONSTRAINT `FK1_casting_movie` FOREIGN KEY (`film_id`) REFERENCES `film` (`id_film`),
  CONSTRAINT `FK2_casting_actor` FOREIGN KEY (`acteur_id`) REFERENCES `acteur` (`id_acteur`),
  CONSTRAINT `FK3_casting_role` FOREIGN KEY (`role_id`) REFERENCES `role` (`id_role`)
) ENGINE=InnoDB DEFAULT CHARSET=latin1;

-- Listage des données de la table cinema_mvc.casting : ~44 rows (environ)
INSERT INTO `casting` (`film_id`, `acteur_id`, `role_id`) VALUES
	(1, 2, 1),
	(2, 1, 5),
	(3, 4, 6),
	(1, 3, 3),
	(3, 6, 7),
	(4, 4, 6),
	(3, 7, 8),
	(4, 6, 7),
	(4, 7, 8),
	(5, 4, 6),
	(5, 6, 7),
	(5, 7, 8),
	(6, 4, 6),
	(6, 6, 7),
	(6, 7, 8),
	(8, 9, 9),
	(8, 8, 10),
	(9, 10, 11),
	(10, 11, 12),
	(10, 12, 13),
	(11, 13, 14),
	(11, 14, 15),
	(11, 15, 16),
	(12, 16, 17),
	(12, 17, 18),
	(12, 18, 19),
	(13, 19, 20),
	(13, 20, 21),
	(13, 21, 22),
	(14, 22, 23),
	(14, 23, 24),
	(15, 24, 25),
	(15, 25, 26),
	(16, 26, 27),
	(16, 27, 28),
	(16, 28, 29),
	(17, 26, 27),
	(17, 27, 15),
	(17, 28, 29),
	(17, 29, 30),
	(18, 30, 31),
	(18, 31, 32),
	(19, 32, 33),
	(19, 33, 34);

-- Listage de la structure de table cinema_mvc. film
CREATE TABLE IF NOT EXISTS `film` (
  `id_film` int NOT NULL AUTO_INCREMENT,
  `titre_film` varchar(50) CHARACTER SET latin1 COLLATE latin1_swedish_ci DEFAULT NULL,
  `date_sortie` year DEFAULT NULL,
  `duree` int DEFAULT NULL,
  `synopsis` longtext,
  `genre_id` int DEFAULT NULL,
  `realisateur_id` int DEFAULT NULL,
  `note` int DEFAULT NULL,
  `path_img_film` longtext CHARACTER SET latin1 COLLATE latin1_swedish_ci,
  PRIMARY KEY (`id_film`) USING BTREE,
  KEY `FK1_movie_genre` (`genre_id`),
  KEY `FK2_movie_director` (`realisateur_id`) USING BTREE,
  CONSTRAINT `FK1_movie_genre` FOREIGN KEY (`genre_id`) REFERENCES `genre` (`id_genre`),
  CONSTRAINT `FK2_movie_director` FOREIGN KEY (`realisateur_id`) REFERENCES `realisateur` (`id_realisateur`)
) ENGINE=InnoDB AUTO_INCREMENT=20 DEFAULT CHARSET=latin1;

-- Listage des données de la table cinema_mvc.film : ~18 rows (environ)
INSERT INTO `film` (`id_film`, `titre_film`, `date_sortie`, `duree`, `synopsis`, `genre_id`, `realisateur_id`, `note`, `path_img_film`) VALUES
	(1, 'Dragonball z : Broly Le super Guerrier', '1993', 152, 'Lorsque le puissant guerrier Saiyan, Broly, est réveillé, Goku et ses amis doivent affronter sa force dévastatrice pour sauver la Terre.', 1, 1, 4, 'Dragonballz.jpg'),
	(2, 'Interstellar', '2014', 169, 'Dans un futur où la Terre est menacée par une crise alimentaire, un groupe d\'explorateurs se lance dans un voyage interstellaire pour trouver une nouvelle planète habitable.', 3, 2, 2, 'Interstellar.jpg'),
	(3, 'Harry Potter', '2001', 152, 'Un jeune sorcier découvre qu\'il est le célèbre Harry Potter et entre dans le monde de la magie où il doit affronter le redoutable sorcier, Lord Voldemort.', 5, 3, 5, 'Harry_potter.jpg'),
	(4, 'Harry Potter II', '2002', 161, 'Harry Potter et ses amis enquêtent sur une série d\'attaques mystérieuses à Poudlard, découvrant l\'existence d\'une redoutable chambre des secrets et affrontant un dangereux monstre qui menace la vie de l\'école.', 5, 3, 5, 'Harry_potter_2.jpg'),
	(5, 'Harry Potter III', '2005', 144, 'Alors qu\'un dangereux criminel échappe à Azkaban, Harry Potter fait face à de nouveaux mystères et découvre le pouvoir du voyage dans le temps pour sauver ses proches et révéler des vérités sur son passé.', 5, 3, 4, 'Harry_potter_3.jpg'),
	(6, 'Harry Potter IV', '2005', 157, 'Lorsque Harry Potter participe au dangereux Tournoi des Trois Sorciers, il se retrouve confronté à des épreuves mortelles, des complots sombres et à la résurrection de Lord Voldemort.', 5, 3, 3, 'Harry_potter_4.jpg'),
	(8, 'Upside Down', '2012', 116, 'Dans un monde où deux planètes coexistent avec des gravités opposées, un homme défie les lois de la physique pour retrouver l\'amour de sa vie, malgré les obstacles et les dangers.', 3, 4, 5, 'Upside_down.jpg'),
	(9, 'Seul au monde', '2000', 143, 'Après le crash de son avion, un homme se retrouve isolé sur une île déserte, où il doit lutter pour sa survie et trouver un moyen de rentrer chez lui.', 4, 5, 1, 'Seul_au_monde.jpg'),
	(10, 'Avatar', '2009', 142, 'Parce que l\'atmosphère de Pandora est toxique, les humains ont créé des doubles d\'eux-mêmes, des avatars. Sous cette forme, Jake peut de nouveau marcher.', 5, 6, 5, 'Avatar.jpg'),
	(11, 'Astérix et Obélix', '2002', 107, 'Cléopâtre, la reine d\'Égypte, décide, pour défier l\'Empereur romain Jules César, de construire en trois mois un palais somptueux en plein désert.', 4, 7, 5, 'Asterix_et_obelix.jpg'),
	(12, 'Pirates des Caraïbes', '2003', 143, 'Dans la mer des Caraïbes, Jack Sparrow, voit sa vie idyllique basculer le jour où son ennemi, le perfide capitaine Barbossa, lui vole son bateau, le Black Pearl.', 4, 8, 5, 'Pirates_des_caraibes.jpg'),
	(13, 'Fight club', '1999', 139, 'Le narrateur, sans identité précise, vit seul, travaille seul, dort seul, mange seul ses plateaux-repas pour une personne comme beaucoup d\'autres personnes seules qui connaissent la misère humaine.', 6, 9, 5, 'Fight_club.jpg'),
	(14, 'Ratatouille', '2007', 111, 'Rémy est un jeune rat qui rêve de devenir un grand chef français. Ni l\'opposition de sa famille, ni le fait d\'être un rongeur dans une profession qui les déteste ne le démotivent.', 7, 10, 4, 'Ratatouille.jpg'),
	(15, 'L\'homme bicentenaire', '1999', 132, 'En ce début de XXIe siecle, la robotique a fait d\'inportants progrès. La famille Martin peut ainsi faire ll\'acquisition d\'un robot domestique, le NDR-114.', 3, 11, 4, 'Homme_bicentenaire.jpg'),
	(16, 'Le Roi Lion', '1994', 87, 'Dans la savane d\'Afrique, Simba, un jeu lionceau, fils de Mufasa, découvre son futur royaume, la Terre des Lions sur lequel il régnera.', 7, 12, 5, 'Le_roi_lion.jpg'),
	(17, 'Le Roi lion 2', '1998', 81, 'Simba et Nala ont maintenant une fille, et rencontre un jeune lion nommé Kovu, ce qu\'elle ne sait pas, c\'est qu\'il est le fils de Zira une servantes de Scar.', 7, 13, 3, 'Le_roi_lion_2.jpg'),
	(18, 'Metropolis', '2001', 93, 'Metropolis est une mégapole dans uen société  dystopique divisée en une ville haute, où les travailleurs font fonctionner la ville et sont opprimés par la classe dirigeante.', 3, 14, 4, 'Metropolis.png'),
	(19, 'Scarface', '1983', 170, 'Tony Montana bénéficie d\'une amnistie du gouvernement cubain pour retourner en Floride, il élabore un plan pour élminer un caïd de la pègre.', 8, 15, 5, 'Scarface.jpg');

-- Listage de la structure de table cinema_mvc. genre
CREATE TABLE IF NOT EXISTS `genre` (
  `id_genre` int NOT NULL AUTO_INCREMENT,
  `genre_name` varchar(50) DEFAULT NULL,
  PRIMARY KEY (`id_genre`)
) ENGINE=InnoDB AUTO_INCREMENT=9 DEFAULT CHARSET=latin1;

-- Listage des données de la table cinema_mvc.genre : ~8 rows (environ)
INSERT INTO `genre` (`id_genre`, `genre_name`) VALUES
	(1, 'Anime'),
	(2, 'action'),
	(3, 'sci-fi'),
	(4, 'Aventure'),
	(5, 'Fantasy'),
	(6, 'Drame'),
	(7, 'Animation'),
	(8, 'Thriller');

-- Listage de la structure de table cinema_mvc. realisateur
CREATE TABLE IF NOT EXISTS `realisateur` (
  `id_realisateur` int NOT NULL AUTO_INCREMENT,
  `prenom` varchar(50) CHARACTER SET latin1 COLLATE latin1_swedish_ci DEFAULT NULL,
  `nom` varchar(50) CHARACTER SET latin1 COLLATE latin1_swedish_ci DEFAULT NULL,
  `sexe` varchar(10) DEFAULT NULL,
  `birthdate` date DEFAULT NULL,
  `biographie` longtext,
  `path_img_realisateur` longtext,
  PRIMARY KEY (`id_realisateur`) USING BTREE
) ENGINE=InnoDB AUTO_INCREMENT=16 DEFAULT CHARSET=latin1;

-- Listage des données de la table cinema_mvc.realisateur : ~15 rows (environ)
INSERT INTO `realisateur` (`id_realisateur`, `prenom`, `nom`, `sexe`, `birthdate`, `biographie`, `path_img_realisateur`) VALUES
	(1, 'Akira', 'Toriyama', 'Homme', '1955-04-05', 'Akira Toriyama.. Son œuvre la plus célèbre, Dragon Ball, connaît un très grand succès mondial. En 2007, les Japonais le classent troisième « meilleur manga de tous les temps » à l\'occasion du dixième anniversaire du Japan Media Arts Festival, derrière Slam Dunk et JoJo\'s Bizarre Adventure1.', 'Akira Toriyama.jpg'),
	(2, 'Christopher', 'Nolan', 'Homme', '1970-07-30', 'Né d\'un père anglais et d\'une mère américaine, Christopher Nolan a commencé dès son plus jeune âge à réaliser des films avec la caméra 8mm de son père, et ce malgré son daltonisme. \r\nSon court métrage en 8mm, Tarantella, est diffusé aux États-Unis sur la chaîne PBS alors qu\'il est encore étudiant en lettres à l\'Université de Londres. \r\nAu milieu des années 90, il tourne en 16 mm deux courts métrages, Larceny et Doodlebug, suivis de son premier long métrage à petit budget et en noir et blanc, Following (1998). \r\nLe succès de cette histoire de voyeurisme, dans différents festivals, permet à Christopher Nolan de réaliser, deux ans plus tard, Memento. \r\nGrâce à une construction ingénieuse (une succession de flash-backs), qui lui vaut une nomination aux Oscars, Memento devient culte. \r\nNolan est alors courtisé par les grands studios américains et, en 2002, il dirige Al Pacino et Robin Williams dans le thriller Insomnia. \r\nDésormais considéré comme rentable par Hollywood et doué d\'un sens artistique original, il est chargé de diriger les nouvelles aventures de Batman, Batman Begins (2005). \r\nAssumant la pression des studios, il redonne un second souffle au héros, en le rendant plus sombre et tourmenté que jamais. \r\nIl choisit Christian Bale pour interpréter l\'homme chauve-souris et renouvelle sa collaboration avec l\'acteur dans son sixième long-métrage, Le Prestige (2006), un thriller mettant en scène la lutte de deux magiciens au début du 20ème siècle. \r\nEntourant chacun de ses films d\'un certain mystère, il ne déroge pas à la règle avec Inception (2010), mêlant thriller et SF au cœur d\'une intrigue se déroulant à l\'intérieur des rêves. \r\nPour ce nouveau long métrage, il débauche Leonardo DiCaprio. Avec ce nouveau succès planétaire (plus de 825 millions de dollars dans le monde), Nolan se dirige ensuite vers la conclusion de sa trilogie Batman, avec The Dark Knight Rises. \r\nReprenant le casting d\'origine, avec des ajouts importants (Marion Cotillard, Anne Hathaway, Joseph Gordon-Levitt), le film confronte Batman au violent Bane (Tom Hardy).\r\nUne fois la trilogie Batman bouclée, il s\'attaque à une autre figure de l\'écurie DC Comics, et pas des moindres : il écrit et produit Man of Steel, une nouvelle adaptation des aventures Superman, mais en confie la réalisation à Zack Snyder. \r\nIl ne retourne derrière la caméra qu\'en 2014, pour réaliser Interstellar, une fable SF pour laquelle il envoie Matthew McConaughey dans l\'espace à la recherche d\'une planète de substitution. \r\nEn 2017, Nolan s\'attaque pour la première fois au film de guerre avec Dunkerque, le récit de la fameuse évacuation des troupes alliées de Dunkerque en mai 1940.\r\nEn 2020 sort Tenet, son nouveau long métrage, après de nombreux reports liés à la pandémie de Covid-19. \r\nCe mystérieux film d\'espionnage, où il est aussi question de renversement temporel, est emmené par John David Washington et Robert Pattinson. \r\nTrois ans plus tard, il revient à la Seconde Guerre mondiale avec le biopic Oppenheimer, centré sur le développement de l\'arme atomique. \r\nPour l\'occasion, il sollicite quelqu\'un qu\'il connaît bien dans la peau du rôle-titre : Cillian Murphy.', 'Alain Chabat .jpg'),
	(3, 'J.K', 'Rowling', 'Femme', '1965-07-31', 'Dès l\'âge de 6 ans, la jeune Joanne Kathleen Rowling ne cesse d\'écrire et d\'inventer des histoires. \r\nAprès des études de langues -et notamment de français-, elle revient en Angleterre et, en 1990 alors qu\'elle attend un train en retard, commence à imaginer les aventures d\'un jeune orphelin (et sorcier) nommé Harry Potter. \r\nDurant plusieurs années, elle peaufine son manuscrit et en 1996, alors que sa situation financière est plus que précaire, elle obtient une réponse positive de l\'éditeur Bloomsbury.\r\n\r\nEn 1998, Harry Potter à l\'école des sorciers débarque dans les librairies et devient immédiatement un best-seller international. \r\nVéritable phénomène, la saga magique, composée de sept romans publiés à raison d\'un livre par an, s\'est vendue à la mi-2005 à quelques 270 millions d\'exemplaires dans le monde (dont 17 millions en France), \r\npubliés dans 61 langues dans près de 200 pays ! Depuis, la sortie de chaque nouveau roman est guettée par les fans : ainsi, le 16 juillet 2005, le sixième volet Harry Potter et le Prince de Sang-Mêlé, \r\ns\'arrache à 9 millions d\'exemplaires en Grande-Bretagne et aux Etats-Unis et rapporte à J.K. Rowling plus de 40 millions de Livres Sterling en seulement 24 heures.\r\n\r\nHollywood fait rapidement les yeux doux à la romancière, qui confie à Warner Bros. \r\net Chris Columbus la transposition de son univers à l\'écran. \r\nEn 2001, Harry Potter à l\'école des sorciers sort sur les écrans et s\'impose rapidement comme l\'un des plus gros succès cinématographiques de tous les temps (976 millions de dollars de recettes en salles). \r\nIl est suivi par Harry Potter et la chambre des secrets (2002), Harry Potter et le prisonnier d\'Azkaban (2004) et Harry Potter et la Coupe de Feu (2005).\r\n\r\n', 'J.K Rowling.webp'),
	(4, 'Juan', 'Solanas', 'Homme', '1966-11-04', 'En 1977, la famille Solanas s\'exile en France à cause des événements politiques qui se déroulent en Argentine. \r\nJuan Diego Fidel Solanas naît en 1966 à Buenos Aires. Il étudie l\'histoire de l\'art à Paris. \r\nIl devient photographe et commence à travailler sur les plateaux comme assistant du chef opérateur de Félix Monti, argentin lui aussi. \r\nPuis il travaille comme directeur de la photographie sur les films de son père Fernando Solanas, qui reçoit le Prix de la mise en scène au Festival de Cannes, cette année-là.\r\n\r\nEn 2001, Juan Solanas écrit et réalise son premier court métrage, L\'Homme sans tête avec Christophe Botti, Stéphane Botti, Alain Hocine, Ambre Boukebza et Salah Teskouk. \r\nEn 2003, le film est sélectionné au festival de Cannes et Juan Solanas reçoit des mains d\'Emir Kusturica le prix du jury, décerné à l\'unanimité. \r\nEn 2004, L\'Homme sans tête reçoit le prix du meilleur court métrage aux César du cinéma, le prix spécial du jury à Imagina et une quarantaine d’autres prix dans le monde, dont le prix du meilleur acteur au festival de Belo Horizonte.\r\nEn 2005, son film Nordeste, écrit avec Eduardo Berti, et interprété par Carole Bouquet, Aymara Rovera et Mercedes Sampietro, est retenu dans la sélection officielle Un certain regard, concourant pour la Caméra d\'or au Festival de Cannes. \r\nNordeste reçoit ensuite le prix du meilleur film et de la meilleure actrice au Stockholm Film Festival 2005, le prix Roque Dalton au festival de La Havane 2005 et Meilleure photographie au prix Clarin en Argentine 2006.\r\nEn 2012, il sort son deuxième long métrage, Upside Down, film romantique de science-fiction avec Kirsten Dunst et Jim Sturgess.', 'Juan Solanas.webp'),
	(5, 'Robert', 'Zemeckis', 'Homme', '1952-05-14', 'Robert Zemeckis étudie à l\'Université de l\'Illinois, puis obtient en 1973 une licence de cinéma à l\'USC. Au cours de ses études, ce natif de Chicago écrit, produit et réalise Field of honor, \r\ncourt métrage qui obtient l\'Oscar du Meilleur film d\'étudiant et décroche une quinzaine de récompenses un peu partout dans le monde.\r\nEn 1978, grâce au soutien d\'un certain Steven Spielberg, avec lequel il a participé à l\'écriture de 1941 et qui deviendra l\'un de ses proches, \r\nRobert Zemeckis signe son premier long-métrage, la comédie Crazy day, évocation de la première tournée des Beatles. Il réalise ensuite La Grosse magouille, \r\nmais c\'est en 1984, avec le film d\'aventure A la poursuite du diamant vert, emmené par Michael Douglas, que le cinéaste connaît son premier grand succès public.\r\n\r\nDès lors, Robert Zemeckis accumule les succès, son cinéma de divertissement se mariant régulièrement avec le fantastique, \r\ncomme dans la saga culte des Retour vers le futur (Retour vers le futur en 1985, Retour vers le futur II en 1989 et Retour vers le futur III en 1990), \r\nLa Mort vous va si bien (1992), Apparences (2000) ou, avec plus d\'ambition, Contact (1997). \r\nLa face plus humaniste du cinéaste transparaît, elle, dans Forrest Gump (1994), qui obtient six Oscars dont celui du Meilleur réalisateur, et Seul au monde (2000), tous deux portés par Tom Hanks.\r\n\r\nRéalisateur, scénariste et producteur de renom, Robert Zemeckis est toujours à l\'avant-garde de son art. \r\nSa contribution au cinéma d\'animation le confirme : en 1987, il fait sensation avec Qui veut la peau de Roger Rabbit ?, mêlant prises de vues réelles et célèbres héros animés, \r\npuis retrouve Tom Hanks en 2004 pour Le Pôle Express et son procédé de "motion capture" qui permet de récréer à la perfection les expressions et les gestes des comédiens en infographie.\r\n\r\nLe cinéaste poursuit ses recherches technologiques en 2007 pour La Légende de Beowulf, avec Ray Winstone et Angelina Jolie, puis en 2009 avec Le Drôle de Noël de Scrooge, \r\nemmené par Jim Carrey. Zemeckis apprécie aussi de se diversifier comme le montre ses participations en tant que producteur à des projets aussi différents que Real Steel (2011), \r\nblockbuster dont le héros est Hugh Jackman, ou au documentaire Behind the Burly Q qui s\'intéresse au milieu burlesque.\r\n\r\nEn 2012, il réalise Flight, porté par un Denzel Washington magistral dans la peau d\'un pilote d\'avion alcoolique, son premier film entièrement tourné en prises de vues réelles depuis Seul au monde. \r\nTrois ans après, Robert Zemeckis repasse derrière la caméra pour The Walk : Rêver plus haut, un film sur le funambule Philippe Petit qui, en 1974, a traversé le sommet des deux tours du World Trade Center. \r\nIl est incarné par Joseph Gordon Levitt. En 2016, le réalisateur convoque Brad Pitt et Marion Cotillard pour Alliés, une histoire d\'espionnage se déroulant en 1942.\r\n\r\nPrarallèlement à ses réalisations, Robert Zemeckis produit plusieurs épisodes des séries Projet Blue Book et Manifest. \r\nDébut 2019 sort son vingtième long métrage cinéma, Bienvenue à Marwen. Le film raconte l\'istoire de Mark Hogancamp (Steve Carell) qui se lance dans la construction de la réplique d\'un village belge durant la Seconde Guerre mondiale, \r\naprès avoir été agressé. L\'année suivante, le cinéaste revient au fantastique avec Sacrées sorcières, adapté du célèbre roman de Roald Dahl publié pour la première fois en 1983. Anne Hathaway incarne la chef des sorcières.\r\n\r\n', 'Robert Zemeckis.jpg'),
	(6, 'James', 'Cameron', 'Homme', '1954-08-16', 'James Cameron débute sa carrière en tant que directeur artistique, maquettiste, et projectionniste d\'un film produit par Roger Corman, Les Mercenaires de l\'espace, en 1980. \r\nIl passe à la réalisation de son premier film qu\'en 1981 avec Piranha 2 - Les Tueurs volants. Cinéaste peu prolifique, \r\nil parvient tout de même à donner au cinéma de science-fiction ses lettres de noblesse à grands renforts d\'effets spéciaux révolutionnaires, \r\net ce en seulement quatre films dont il rédige également les scripts : Terminator (1984), Aliens le retour (1986), Abyss (1989), et Terminator 2 (1991).\r\n\r\nTrois ans après le second Terminator, il retrouve Arnold Schwarzenegger et signe l\'un des plus gros succès de l\'année 1994, \r\navec le remake musclé de La Totale de Claude Zidi, True Lies. Entre temps, il produit Point Break (1991), et un autre film de science-fiction, Strange Days, deux longs métrages de Kathryn Bigelow.\r\n\r\nConsidéré comme le réalisateur le plus rentable de sa génération grâce au succès sans précédent de Titanic (1997), \r\nplus gros succès de l\'histoire du cinéma avec plus de 600 millions de dollars de recettes sur le seul sol américain et plus de 1,8 milliards de dollars de recettes internationales, \r\nCameron profite de son aura pour se lancer dans des projets plus atypiques. \r\nEn 2003, il retourne ainsi près de l\'épave du Titanic pour le documentaire Les Fantômes du Titanic tourné avec un système révolutionnaire de prise de vue en trois dimensions et présenté hors compétition au Festival de Cannes.\r\n\r\nEn 2005 James Cameron amorce le très long tournage (4 ans environ) d\'un film dont il a commencé à imaginer l\'histoire et l\'univers 15 ans auparavant : il s\'agit d\'Avatar. \r\nCe film de science-fiction en 3D sorti fin 2009 avec un budget record (autour de $ 500 000 000) met en avant aussi bien des stars naissantes comme Sam Worthington ou Zoe Saldana \r\nque des acteurs et actrices confirmés tels que Stephen Lang ou Sigourney Weaver (que James Cameron retrouve 23 ans après Aliens le retour). Il bat avec Avatar son propre record en récoltant plus de 2,5 milliards de dollars dans le monde.\r\n\r\nFort de ce succès, le Canadien se lance rapidement dans la conception de quatre suites à Avatar, mais aussi dans l\'écriture et la production de Alita: Battle Angel, \r\nadapté du célèbre manga Gunnm (qu\'il affectionne particulièrement depuis de nombreuses années). \r\nIl confie la mise en scène à Robert Rodriguez et le film sort début 2019. Après plusieurs reports de tournage, Avatar: la voie de l\'eau sort quant à lui fin 2022. \r\nLe 3ème volet est pour le moment prévu pour le 18 décembre 2024, le 4ème pour le 16 décembre 2026 et le 5ème pour le 20 décembre 2028.', 'James Cameron.webp'),
	(7, 'Alain', 'Chabat', 'Homme', '1958-11-24', 'Après une scolarité difficile, Alain Chabat, membre du collectif des Nuls, connaît la consécration en 1994 avec La Cité de la peur. \r\nIl poursuit dès lors une carrière en solo. Il incarne un mari macho et infidèle dans le Gazon maudit de Josiane Balasko (1994) avant de réaliser son premier long métrage en 1996, Didier, où il se met en scène dans le rôle d\'un... \r\nlabrador ! Auréolé du César de la Meilleure première œuvre, Alain Chabat crée sa société de production, \r\nChez Wam, et revient ensuite devant la caméra, s\'illustrant dans le film policier Le Cousin (1997) et la comédie dramatique Le Goût des autres (2000). \r\nIl s\'essaie même à l\'animation en doublant l\'ogre vert dans la triomphale saga des Shrek.\r\n\r\nEn 2002, Alain Chabat signe le scénario et la mise en scène d\'Astérix et Obélix : mission Cléopâtre. \r\nPlus de 14 millions d\'entrées font du film l\'un des plus gros succès du box-office français. \r\nLa côte de sympathie de Chabat est énorme : il est sollicité par les Robins des Bois pour mettre en scène la comédie préhistorique RRRrrrr !!! (2004), \r\njoue aux côtés de Gad Elmaleh (Chouchou, 2003) et d\'Yvan Attal (Ils se marièrent et eurent beaucoup d\'enfants, 2004), ou se retrouve devant la caméra du "Robin" Maurice Barthélémy, qui lui offre en 2005 le rôle doux-amer et plein d\'émotion de son Papa. \r\nLa même année, il incarne avec brio le supérieur macho et obsédé de Gael Garcia Bernal dans La Science des rêves du frenchy Michel Gondry.\r\n\r\nL\'Ex-Nul, devenu l\'une des personnalités les plus puissantes et populaires du cinéma français, campe un célibataire endurci dans Prête-moi ta main, carton au box-office en 2006, \r\nun chanteur ringard dans la comédie au ton décalé La Personne aux deux personnes, et coécrit aussi l\'adaptation du Petit Nicolas. \r\nSe consacrant de plus en plus à ses activités de producteur (Un monde à nous, Ensemble c\'est trop en 2010) et à sa carrière internationale (La Nuit au musée 2, A Thousand Words avec Eddie Murphy en 2010), \r\nil accepte néanmoins de jouer le rôle principal de Trésor (2009), comédie canine de son vieil ami Claude Berri (producteur de Didier), qui disparait quelques jours après le début du tournage.\r\n\r\nIl revient en 2011 dans la nouvelle adaptation de La Guerre des boutons, réalisée par Yann Samuell. Mais son grand retour sur le devant de la scène s\'effectue l\'année suivante avec sa nouvelle réalisation, qu\'il mûrit depuis plus de 10 ans, \r\net pour laquelle il est également acteur, scénariste et producteur : Sur la piste du Marsupilami, adaptation à gros budget du personnage d\'André Franquin, marquant par la même occasion ses retrouvailles avec Jamel Debbouze.\r\n\r\nAprès avoir retrouvé l’animation en prêtant sa voix au personnage de Salis dans L’Âge de glace : \r\nla dérive des continents (2012), l’acteur rejoint le casting des Gamins en 2013, où il incarne Gilbert, victime d’une crise existentielle, aux côtés de Max Boublil. \r\nEn 2014, celui qui a redoré le blason de la saga avec Astérix et Obélix : mission Cléopâtre, prête sa voix au sénateur Prospectus dans Astérix : Le domaine des dieux, d’Alexandre Astier. \r\nIl est ensuite à l’affiche du nouveau film de Quentin Dupieux, Réalité, dans lequel il incarne Jason, caméraman, qui, pour réaliser son premier film d’horreur, doit trouver le meilleur gémissement de l’histoire du cinéma.\r\n\r\nEn 2017, après avoir pris part à Valérian et la Cité des mille planètes de Luc Besson sous les traits de Bob le pirate, Chabat livre la même année son cinquième long métrage, \r\nla comédie Santa & Cie, où il incarne ni plus ni moins que le père Noël. En 2020, \r\nil retrouve Boublil pour l\'original Play et campe un patron de restaurant de campagne qui décide de partir chercher l\'amour en Corée dans la comédie romantique #Jesuislà d\'Eric Lartigau (La Famille Bélier). \r\nDuc d\'Aquitaine dans le lucratif Kaamelott - Premier volet, l\'acteur tourne ensuite à deux reprises sous la direction de quelqu\'un qu\'il connaît bien en la personne de Quentin Dupieux (Incroyable mais vrai et Fumer fait tousser).\r\n\r\n', 'Alain Chabat .jpg'),
	(8, 'Espen', 'Sandberg', 'Homme', '1971-06-17', 'Il rencontre Joachim Rønning durant son enfance à Sandefjord2 en Norvège1. Ensemble ils étudient le cinéma à la Stockholm Film School1 et en sortent diplômés en 19942.\r\nIls réalisent ensemble quelques films pour promouvoir l\'Armée norvégienne2. \r\nEn 1995, ils créent leur société de production audiovisuelle Roenberg, association de leurs noms de famille et qui deviendra leur surnom. \r\nIls réaliseront ainsi plusieurs spots publicitaires (Airbus, Nintendo, Coca-Cola, Nokia2, ...) et clips musicaux1. \r\nEn 2001, ils réalisent le spot Rex pour Budweiser, diffusé durant le Super Bowl XXXV2. En 2008, Espen et Joachim réalisent la publicité Train Loop pour Norsk Hydro3, qui obtient notamment un prix au Festival international de la publicité de Cannes4,2.\r\n\r\nEn 1997, il réalise, toujours avec Joachim Rønning, le court métrage Dag 1. Ils passent au long métrage en 2006 avec le western Bandidas, coécrit et produit par Luc Besson. En 2008, \r\nils réalisent pour Max Manus, opération sabotage, un film de guerre biographique sur Max Manus, un résistant norvégien durant la Seconde Guerre mondiale. Le film sortira directement en vidéo en France.\r\n\r\nEn 2012, il reste dans le film historique avec Kon-Tiki, qui retrace la traversée de Thor Heyerdahl à bord du Kon-Tiki. \r\nLe film est notamment nommé aux Oscars 2013 et Golden Globes 2013 dans la catégorie du meilleur film étranger5.\r\n\r\nEn mai 2013, il est révélé qu\'il mettra en scène, avec Joachim Rønning, le 5e volet de la saga Pirates des Caraïbes1, Pirates des Caraïbes : La Vengeance de Salazar.', 'Espen Sandberg.webp'),
	(9, 'David', 'Fincher', 'Homme', '1962-08-28', 'Dès l\'âge de huit ans, David Fincher réalise de nombreux films dans le cadre familial. Passionné par le travail de George Lucas, il intègre dix ans plus tard la société d\'effets spéciaux de son modèle, Industrial, Light and Magic. \r\nDurant ses quatre années passées chez ILM, Fincher travaille ainsi sur les effets spéciaux du Retour du Jedi, d\'Indiana Jones et le Temple maudit ou de L\'Histoire sans fin. \r\nFort de cet acquis, il se spécialise ensuite dans la réalisation de publicités et de clips musicaux, créant sa propre société de production, Propaganda Films. \r\nSon travail pour la marque Nike et pour des artistes comme Madonna, Aerosmith ou les Rolling Stones l\'impose vite comme un jeune surdoué de l\'image.\r\n\r\nA 29 ans, David Fincher s\'engage avec la Fox pour signer son premier long métrage, Alien 3, troisième volet de la saga fantastique emmenée par Sigourney Weaver. Le résultat, très sombre et virtuose, \r\nn\'empêche pas le studio de brider le jeune cinéaste qui gardera un souvenir amer de cette expérience. Déterminé à acquérir au plus vite une vraie liberté d\'action, \r\nFincher fait équipe en 1994 avec une petite société de production indépendante de l\'époque, New Line Cinema, pour réaliser le thriller Seven. Centré sur les sept pêchés capitaux, \r\nil devient instantanément un classique du film de serial killer. Mettant en vedette Brad Pitt et Morgan Freeman, il pose aussi un regard désespéré et très sombre sur la société.\r\n\r\nAprès le choc Seven, David Fincher prend tout le monde à contre-pied en réalisant, deux ans plus tard, The Game. \r\nAvec ce thriller manipulateur porté par Michael Douglas, qui ne remporte pas le même succès critique et public, le cinéaste creuse un peu plus son oeuvre désenchantée sur le monde contemporain. \r\nIl s\'attaque ensuite en 1999 à la réalisation de Fight club. \r\nAdaptation d\'un roman de Chuck Palahniuk, le film, sulfureux et très vite culte, ne laisse personne indifférent. Pour l\'occasion, Fincher retrouve Brad Pitt et confie à Edward Norton le rôle principal.\r\n\r\nVisiblement désireux de ne pas se replonger dans une œuvre aussi polémique, David Fincher réalise en 2002 Panic room, thriller très classique en forme de huis-clos dans lequel évoluent notamment Jodie Foster et Forest Whitaker. \r\nAprès une parenthèse de cinq ans marquée par la réalisation de clips et l\'avortement de son M : i : III (pour divergences artistiques avec Tom Cruise), \r\nDavid Fincher revient sur le devant de la scène en 2007 avec l\'ambitieux Zodiac, centré sur les agissements d\'un des plus célèbres tueurs de l\'Histoire des Etats-Unis. \r\nIl enchaîne immédiatement avec la réalisation du film fantastique L\'Etrange histoire de Benjamin Button, qui marque sa troisième collaboration avec Brad Pitt.\r\n\r\nAvec son film suivant, The Social Network, Fincher se centre sur la création du réseau social Facebook. \r\nEn découle un portrait mordant de son créateur Mark Zuckerberg, interprété par Jesse Eisenberg. \r\nEn 2011, il met en scène une nouvelle adaptation du premier tome de la trilogie Millenium de Stieg Larsson : Millenium : Les hommes qui n’aimaient pas les femmes, avec Daniel Craig et Rooney Mara. \r\nEn 2014 sort en salles le thriller Gone Girl, dans lequel Ben Affleck cherche par tous les moyens à savoir ce qui est arrivé à sa femme (Rosamund Pike) qui a mystérieusement disparu. \r\nAvec 367 millions de dollars de recettes mondiales, le film (par ailleurs très bien reçu par la presse) constitue le plus gros succès de son réalisateur.\r\n\r\nParallèlement à sa carrière au cinéma, David Fincher tente l\'aventure du petit écran, en produisant la série politique House of Cards portée par un Kevin Spacey en très grande forme. \r\nMais également Mindhunter, qui nous plonge dans l\'univers des tueurs en séries ayant réellement existés aux Etats-Unis.\r\n\r\nFin 2020, le metteur en scène livre son nouveau long métrage, Mank, via la plateforme Netflix. \r\nUn projet qu\'il mûrit depuis le début des années 1990 et qui se centre sur le scénariste de l\'ombre Herman J. Mankiewicz, ayant écrit Citizen Kane. \r\nFilmé dans un superbe noir et blanc, ce film sur les coulisses du cinéma permet à Gary Oldman de livrer une prestation saisissante dans la peau du rôle-titre. \r\nFincher revient ensuite à nouveau à la thématique criminelle avec un autre projet de longue date (toujours pour Netflix) : The Killer, un thriller adapté de la série de bandes dessinées "Le Tueur" des Français Alexis Nolent et Luc Jacamon.\r\n\r\n', 'David Fincher.jpg'),
	(10, 'Brad', 'Bird', 'Homme', '1957-11-24', 'C\'est dès son plus jeune âge que Brad Bird se passionne pour l\'animation. Après un premier film achevé à seulement treize ans, il est remarqué par Disney et devient le protégé de Milt Kahl, l\'un des pionniers du studio aux grandes oreilles. \r\nBrad Bird fait ensuite ses études à la "California Institute of the Arts" de laquelle il sort diplômé. \r\nIl y rencontre même un certain John Lasseter (destiné à devenir le co-fondateur et directeur général de Pixar) avec lequel il se lie d\'amitié.\r\n\r\nAprès avoir débuté dans le doublage d\'animation, en 1979, pour le second court métrage du grand Tim Burton intitulé Doctor of Doom, \r\nBrad Bird devient animateur sur le dessin animé de Disney Rox et Rouky en 1981, puis étend son activité à d\'autres studios d\'animation hollywoodiens. \r\nIl écrit, dirige et coproduit, pour la télévision, Family Dog, un des épisodes des Histoires Fantastiques produites par un certain Steven Spielberg. \r\nA partir de là, Brad se familiarise dans la réalisation de cartoons et de films d\'animation. \r\nIl est alors engagé par la 20th Century Fox pour réaliser plusieurs épisodes de la série culte de Matt Groening, Les Simpson, puis revêt par la suite, le costume de consultant exécutif de la série jusqu\'en 1998.\r\n\r\nL\'année 1999 marque une nouvelle étape dans la carrière de Brad Bird. \r\nIl y met en scène son premier long-métrage d\'animation, Le Geant de fer. Malgré de bonnes critiques presse, le film n\'emballe pas le public et reste perçu comme un échec pour le cinéaste. \r\nEn 2004, il passe à la vitesse supérieure en réalisant Les Indestructibles pour le compte des studios Pixar. Les aventures de Bob Paar alias Mister Indestructible et de sa famille de super-héros lui valent l\'Oscar du meilleur film d\'animation.\r\n\r\nSurfant sur ce succès, il crée, en 2005, un court métrage, Baby-sitting Jack-Jack, relatant la destinée du petit dernier de cette famille aux pouvoirs extraordinaires. \r\nImpressionnés, les dirigeants de Pixar le réengagent en 2007 et lui confient la réalisation de Ratatouille, film d\'animation mettant en scène les aventures d\'un rat d\'égout aspirant à être chef d\'un grand restaurant parisien. \r\nLa collaboration Bird/Pixar a véritablement affolé les compteurs des box-office internationaux, le tandem récoltant au passage plus d\'un milliard de dollars de bénéfices nets !\r\n\r\nAprès 4 ans d\'absence, Brad Bird revient sur le devant de la scène en 2011 dans un tout autre genre, celui du film d\'action. \r\nLa Paramount le nomme réalisateur pour Mission : Impossible - Protocole fantôme, blockbuster affublé d\'un budget de 150 millions de dollars et 4ème volet de la saga du même nom. \r\nIl y effectue, pour l\'occasion, ses premières prises de vues réelles ; de l\'inédit pour celui qui est d\'ores et déjà considéré comme l\'un des plus grands génies de l\'animation.\r\n\r\nAyant brillamment réussi son baptême dans la direction d\'acteurs "en chair et en os", Brad Bird se voit confier en 2012 la réalisation du nouvel épisode de la saga Star Wars intitulé Le Réveil de la Force. \r\nMais le réalisateur américain préfère décliner l\'offre pour réaliser un autre projet, A la poursuite de demain, inspiré des parcs à thèmes Tomorrowland des différents parcs Disneyland. Pour ce film, \r\nil engage des acteurs confirmés tels que George Clooney et Hugh Laurie et donne son premier grand rôle à la jeune Britt Robertson.\r\n\r\nActuellement en cours d\'éciture du deuxième volet de son dessin animé à succès Les Indestructibles, \r\nBrad Bird travaille également à l\'adaptation sur grand écran du roman "1906" de James Dallessandro sur les conséquences du tremblement de terre de San Francisco de 1906, toujours pour le compte des studios Pixar. ', 'Brad Bird.jpg'),
	(11, 'Chris', 'Columbus', 'Homme', '1958-11-10', 'Dès son plus jeune âge, Chris Columbus réalise des films en super 8 à partir de ses propres storyboards. \r\nDurant ses études à la Tisch School of the Arts de New York, il vend son premier scénario, Jocks, \r\nune comédie semi-autobiographique sur un lycéen catholique qui tente de devenir joueur de football. \r\nAprès quoi, il débute sa carrière à Hollywood comme scénariste, en écrivant tout d\'abord le script de Reckless pour James Foley, un drame inspiré de sa propre expérience à l\'usine dans l\'Ohio.\r\n\r\nPeu après, a lieu le premier tournant important de sa carrière, quand Steven Spielberg l\'engage pour rédiger les scénarios de ses trois nouvelles productions, \r\nles deux premières étant aujourd\'hui considérées comme deux films cultes des années 80, les Gremlins, les Goonies et Le secret de la pyramide. \r\n\r\nChris Columbus passe alors derrière la caméra en mettant en scène Nuit de folie (1987) ainsi que Heartbreak hotel (1988). \r\nMais c\'est sa rencontre avec John Hughes qui va donner un nouvel élan à sa carrière et l\'amener à réaliser plusieurs comédies familiales très populaires. \r\nTout d\'abord Maman, j\'ai raté l\'avion où l\'on suit les péripéties de Kevin McCallister, un enfant de huit ans livré à lui-même, face à des cambrioleurs le soir de Noël. \r\nLe film connait un succès planétaire et élève Macaulay Culkin au rang de star, à tel point qu\'une suite, Maman, j\'ai encore raté l\'avion est aussitôt mise en chantier et obtient un succès identique.\r\n\r\nDans un registre qui mêle également le comique burlesque et l\'émotion, Columbus signe Madame Doubtfire, une grande comédie familiale où un père de famille se voit contraint de se déguiser en gouvernante pour être auprès de ses enfants. \r\nCe film, en plus d\'être un nouveau succès mondial, marque également sa première collaboration avec Robin Williams qui se poursuivra avec Neuf mois aussi, et L\'homme bicentenaire, \r\nun récit de science-fiction où un robot découvre peu à peu les émotions humaines. \r\n\r\nEntre temps, le réalisateur s\'essaye au mélodrame en signant la chronique familiale, Ma meilleure ennemie, pour laquelle il réunit un casting d\'exception avec Julia Roberts, Susan Sarandon et Ed Harris.\r\n\r\nEn 2001, fort de ses nombreux succès et de son expérience dans la direction de très jeunes acteurs, il est engagé par la Warner pour adapter au cinéma les aventures du jeune sorcier Harry Potter, véritable phénomène littéraire. \r\nAinsi, il mène à la baguette notre jeune magicien à l\'école des sorciers et face au danger de la chambre des secrets. \r\nMalheureusement, se retrouvant totalement épuisé par cette grande aventure, il est contraint de laisser sa place de réalisateur à Alfonso Cuaron pour le troisième volet, \r\nLe Prisonnier d\'Azkaban dont il reste toutefois producteur via sa société de production 1492 Pictures.   \r\n\r\nAprès quoi, il décide de relever un nouveau défi : celui de porter à l\'écran le spectacle musical Rent, véritable triomphe à Broadway. \r\nEn produisant notamment la trilogie La Nuit au musée, le premier volet des Quatre Fantastiques ou encore La Couleur des Sentiments, Chris Columbus officie beaucoup comme producteur. \r\nCe qui ne l\'empêche pas, parallèlement, de réaliser le "teenage movie" fantastique Percy Jackson le voleur de foudre (2010) et Pixels (2015), \r\ndans lequel l\'espèce humaine est attaquée par une entité extra-terrestre ayant pris la forme de célèbres personnages de jeux-vidéo.\r\n\r\n', 'Chris Columbus.webp'),
	(12, 'Rob', 'Minkoff', 'Homme', '1962-08-11', 'Rob Minkoff, diplômé en animation de personnages à l\'Université CalArts, entre aux studios Disney au milieu des années quatre-vingt. \r\nAprès avoir officié en tant que responsable de l\'animation sur le dessin animé Basil, détective privé, il participe au développement de La Petite Sirène et de La Belle et la bête.\r\n\r\nEn 1994, Rob Minkoff obtient la consécration en co-réalisant, avec Roger Allers, l\'un des plus beaux succès de la maison Disney : Le Roi lion. En 1999, il réalise seul Stuart Little, \r\nfilm mêlant animation et prises de vue réelles et mettant en vedette une petite souris, qui connaîtra de nouvelles aventures dans Stuart Little 2 trois ans plus tard.\r\n\r\nEn 2003, il s\'éloigne encore un peu plus de l\'animation, tout en restant dans le registre de la comédie familale, avec Le Manoir hanté et les 999 fantômes, \r\ninspiré de la célèbre attraction des Parcs Disney, avec en vedette Eddie Murphy. \r\nIl patiente ensuite cinq années avant de réaliser son long métrage suivant, Le Royaume interdit (2008). \r\nPour l\'occasion, il réunit pour la première fois à l\'écran Jet Li et Jackie Chan dans la Chine médiévale. \r\nIl retrouve l\'année suivante son genre de prédilection, l\'animation, pour Mr. Peabody & Sherman.', 'Rob Minkoff .jpg'),
	(13, 'Darrell', 'Rooney', 'Homme', '1959-06-14', NULL, 'Darrell Rooney.jpeg'),
	(14, 'Fritz', 'Lang', 'Homme', '1890-12-05', 'Fritz Lang naît dans une famille de la grande bourgeoisie viennoise. \r\nSon père Anton Lang est un architecte réputé. Des études d\'architecture et de peinture, et surtout un long périple autour du monde, constitueront sa formation, jusqu\'à la guerre de 1914. \r\nAu début des années 20, il commence sa carrière de réalisateur dans le cinéma muet à Berlin. \r\nIl travaille alors avec le producteur Erich Pommer et rencontre sa première femme Thea von Harbou, qui participera à l\'écriture de tous ses films allemands jusqu\'à son départ de Berlin en 1933. \r\nSon premier film marquant, Le Métis (1919), malheureusement perdu, met déjà en scène ses thèmes de prédilection : la femme fatale et l\'amour destructeur.\r\n\r\nEntre 1920 et 1933, les films se succèdent constituant une filmographie allemande importante: Les Trois Lumieres, Le Docteur Mabuse (en deux parties), \r\nM le Maudit (son premier film parlant), Les Nibelungen saga épique sur la vie de Siegfried, Metropolis (1926) drame expresionniste sur une société futuriste où l\'homme est asservit représente un film clef de sa carrière, considéré comme son chef d\'oeuvre majeur. \r\nLe Testament du docteur Mabuse établit un parallèle évident entre les pratiques du Docteur Mabuse et son réseau criminel avec les agissements nazis. \r\nLa censure intervient et retire le film de l\'affiche. Goebbels convoque Lang et lui propose de prendre la direction du nouveau studio nazi. \r\nLang décide alors de quitter l\'Allemagne pour Paris, il laisse derrière lui sa femme qui rejoindra peu après le parti nazi.\r\n\r\nIl ne reste qu\'une seule année à Paris et réalise un unique film, Liliom (1934), avec Charles Boyer. \r\nAprès quoi il s\'exile à Hollywood, avec un contrat avec le producteur D. Selznick pour la MGM. En 1935, il obtient la nationalité américaine et débute une nouvelle carrière avec Fury en 1936. \r\nSa filmographie très variée, mélange des genres allant du western (Les Pionniers de la Western Union) au film noir Règlement de comptes) en passant par le film policier (L\' Invraisemblable vérité ) \r\net le film d\'aventures en costumes (Les Contrebandiers de Moonfleet). \r\nPour Lang le cinéma est un moyen d\'explorer la part d\'ombre de la nature humaine. \r\nOn retrouve tout au long de son oeuvre les thèmes de la cruauté, de la peur, de l\'horreur et de la mort.\r\n\r\nEn 1959, il retourne en Allemagne, et réalise ses trois derniers films ( Le Tigre du Bengale, Le Tombeau hindou, et le dernier épisode du Docteur Mabuse en 1960 : Le Diabolique Docteur Mabuse) s\'inspirant des scénarios de Thea Von Harbou alors décédée. \r\nAprès quoi il retourne aux Etats-Unis. \r\nPar la suite, il fait des apparitions remarquées dans Le Mépris de Jean-Luc Godard, en 1963 où il joue son propre rôle, dans 75 years of Cinema Museum, de Roberto Guerra et Elia Herschon (1972) ou The Exiles(1989) de Richard Kaplan (1989).\r\n\r\nUnanimement reconnu, il reçoit de nombreuses distinctions, notamment en France et aux Etats-Unis. Il décède à Beverly Hills le 2 août 1976.\r\n\r\n', 'Fritz Lang.webp'),
	(15, 'Brian', 'De Palma', 'Homme', '1940-11-11', 'Troisième fils d\'un chirurgien orthopédiste et d\'une femme au foyer, Brian De Palma grandit à Philadelphie dans l\'ombre d\'un frère aîné, Bruce, brillant scientifique adulé par la famille. Lui-même doué pour l\'électronique -adolescent, il remporte un concours grâce à un mémoire sur "l\'application de la cybernétique aux équations différentielles"-, il s\'inscrit à la Columbia University de New York. Marqué par la vision, à 18 ans, de Sueurs froides d\'Hitchcock (cinéaste auquel il ne cessera d\'être comparé), il découvre avec émerveillement le monde du spectacle durant ses années de fac.\r\n\r\nAyant acheté pour une poignée de dollars une caméra 16 mm, Brian De Palma signe au début des années 60 une poignée de courts et moyens métrages documentaires et de fiction, dont le remarqué Woton\'s Wake. Etudiant le cinéma au Sarah Lawrence College, il tourne avec ses camarades en 1963 son premier long, The Wedding party avec Robert De Niro, un débutant qu\'il présentera en 1970 à son ami Martin Scorsese. L\'acteur joue aussi dans Greetings et Hi, Mom!, comédies féroces et iconoclastes influencées par la Nouvelle Vague. Le 7e art est pour De Palma un terrain d\'expérimentations formelles tous azimuts, comme en témoigne l\'utilisation, dès Dionysus en 1970, du split screen.\r\n\r\nAprès une première expérience hollywoodienne malheureuse (Get to Know Your Rabbit), De Palma accède à la reconnaissance en 1973 avec Soeurs de sang, thriller d\'épouvante dans lequel il développe deux de ses thèmes fétiches, le double et le voyeurisme (présents notamment dans Body Double en 1985). C\'est le premier d\'une série de films d\'horreur truffés de références -qui lui valent d\'être qualifié de cinéaste "postmoderne"-, tels le psychédélique Phantom of the Paradise (1974) et Carrie au bal du diable (1976), deux films qui remportent le Grand Prix à Avoriaz.\r\n\r\nCinéaste de l\'Obsession (titre d\'un opus de 1977) et de la manipulation (Pulsions, Blow out), De Palma s\'éloigne du fantastique dans les annnées 80. En 1983, il réalise, sur un scénario d\'Oliver Stone, Scarface, relecture du chef d\'oeuvre de Hawks avec Al Pacino en baron de la drogue. Après ce film-culte, il s\'inspire encore de la mythologie des gangsters pour Les Incorruptibles (d\'après la fameuse série), avec Costner et De Niro, qui fait un tabac en salles. Mais un brillant casting ne garantit pas le succès -l\'échec retentissant du Bûcher des vanités le prouve en 1991. En 1993, L\'Impasse, film noir dont le brio est salué par la critique, marque les retrouvailles du cinéaste avec Pacino.\r\n\r\nConsidéré comme un "auteur" à l\'européenne en raison de la dimension personnelle de films conçus au coeur du système, De Palma est sollicité par la star Tom Cruise pour réaliser Mission: impossible (1996), premier volet des aventures de l\'agent Ethan Hunt, dérivées de la série d\'espionnage du même nom. Après ce carton au box-office mondial (qui fera l\'objet de suites tournées par d\'autres metteurs en scène), il signe le plus complexe Snake eyes, nouvelle réflexion sur les faux-semblants. Se plaisant à revisiter les genres (citons aussi le film de guerre avec Outrages en 1990), il s\'essaie en 2000 à la SF avec Mission to Mars, qui déconcerte public et critiques, tout comme Femme Fatale (2002), que ce francophile tourne entre Paris et Cannes. Ces revers n\'entament en rien son amour du cinéma, qui transparaît dans le troublant Dahlia noir, adaptation du roman d\'Ellroy au casting glamour, présentée à Venise en 2006.\r\n\r\nL\'année suivante, le metteur en scène dirige Redacted. L\'oeuvre est engagée et dénonce le pouvoir médiatique par rapport aux évènements historiques et les mensonges qui peuvent en découler, faussant l\'Histoire en manipulant les images. Bien qu\'ayant reçu le Lion d\'Argent de la mise en scène lors de la 64e Mostra de Venise en 2007, le film est un échec cuisant et vivement critiqué aux USA pour sa façon de dépeindre l\'armée américaine. Suite à cette déconvenue, De Palma reste 5 années sans réaliser. Le cinéaste est de retour en 2012 et trouve des financements franco-allemands pour tourner Passion à Berlin. Le film est un remake du dernier film d\'Alain Corneau, Crime d\'amour, et met en scène Rachel McAdams et Noomi Rapace se livrant à un jeu pervers érotico-sadique.', 'Brian De Palma.jpg');

-- Listage de la structure de table cinema_mvc. role
CREATE TABLE IF NOT EXISTS `role` (
  `id_role` int NOT NULL AUTO_INCREMENT,
  `role_name` varchar(50) CHARACTER SET latin1 COLLATE latin1_swedish_ci DEFAULT NULL,
  `description` longtext CHARACTER SET latin1 COLLATE latin1_swedish_ci,
  `path_img_role` longtext CHARACTER SET latin1 COLLATE latin1_swedish_ci,
  PRIMARY KEY (`id_role`)
) ENGINE=InnoDB AUTO_INCREMENT=35 DEFAULT CHARSET=latin1;

-- Listage des données de la table cinema_mvc.role : ~32 rows (environ)
INSERT INTO `role` (`id_role`, `role_name`, `description`, `path_img_role`) VALUES
	(1, 'Sangoku', 'Son Goku,  anciennement orthographié Sangoku et Son Gokû), de son nom de naissance Kakarot (Kakarotto), est un personnage de fiction japonais créé par Akira Toriyama et le principal héros du manga Dragon Ball. Il apparaît pour la première fois le 20 novembre 1984 dans le Weekly Shonen Jump. Le personnage s\'inspire de Sun Wukong, en raison de son histoire d\'origine très similaire.', 'Sangoku.jpg'),
	(3, 'Broly', 'Broly est un personnage créé par Shigeyasu Yamauchi. Il apparaît dans quatre films qui lui sont consacrés : Dragon Ball Z : Broly le super guerrier, Dragon Ball Z : Rivaux dangereux, Dragon Ball Z : Attaque Super Warrior ! et Dragon Ball Super: Broly.', 'Broly.webp'),
	(5, 'Joseph Cooper', 'Au début, il était très dédaigneux à propos de la fixation de Murph sur un "fantôme" dans sa chambre. Finalement, il a été influencé par des événements étranges autour de sa maison. Y compris un ensemble de coordonnées qui lui ont été données en binaire, ce qui a conduit au nouveau siège de la NASA.', 'Joseph Cooper.jpg'),
	(6, 'Harry Potter', 'Au début de la série, Harry Potter est décrit comme assez frêle et chétif, à cause de sa malnutrition chez les Dursley. Il est assez petit pour son âge, avec des genoux noueux3. À quinze ans, il est décrit comme étant pâle et légèrement maladif, comme une personne ayant « beaucoup grandi en peu de temps », et son apparence est négligée en dehors des périodes scolaires4. Il a les mêmes cheveux noirs en bataille que son père5,3 et les yeux vert émeraude et en forme d\'amande de sa mère6. Il porte des lunettes rondes3 à monture noire et une fine cicatrice en forme d\'éclair sur le front, souvent cachée par ses mèches.', 'Harry Potter.jpg'),
	(7, 'Ron Weasley', 'Ronald Bilius Weasley[16] dit Ron[1] est le sixième fils d\'Arthur et Molly Weasley. Il entre à Poudlard en 1991 dans la maison Gryffondor. Il devient ami avec Harry Potter et Hermione Granger et ils forment un trio inséparable. Ensemble, ils relèvent de nombreux défis, notamment en protégeant la Pierre philosophale de Quirinus Quirrell, en formant l\'armée de Dumbledore et en combattant dans de nombreuses batailles comme la bataille du Département des mystères, la bataille de la tour d\'astronomie, et la bataille des sept Potter. Ron est également devenu préfet de Gryffondor et gardien de l\'équipe de Quidditch de Gryffondor pendant sa scolarité. Il a arrêté ses études pour accompagner Harry et Hermione dans la chasse aux Horcruxes et combat lors de la bataille de Poudlard.', 'Ron Weasley.jpg'),
	(8, 'Hermione Granger', 'Hermione Jean Granger amie proche de Harry Potter et de Ron Weasley, Hermione fait figure de droiture et d\'esprit tout au long de l\'histoire. Née de parents moldus, elle est particulièrement douée pour la magie et intéressée par le monde magique et les connaissances qui l\'entourent. Elle se montre d\'un grand secours auprès de ses camarades de Poudlard et fonde l\'Armée de Dumbledore avec Harry et Ron en cinquième année afin de contrer leur nouveau professeur de défense contre les forces du mal, Dolores Ombrage, et s\'entraîner à se défendre. Hermione et Ron aident ensuite Harry à trouver et à détruire tous les horcruxes de Voldemort, pour permettre à Harry de le vaincre.', 'Hermione Granger.jpg'),
	(9, 'Adam', 'Adam et Eden vivent dans un univers dans lequel deux planètes vivent l\'une en dessous de l\'autre avec des centres de gravité opposés, où toute matière d\'un monde obéit à la gravité de celui-ci. Eden vit dans le monde d\'en haut, prospère et riche, et Adam vit dans le monde d\'en-bas, monde pauvre. Lorsqu\'ils sont petits, Adam et Eden prennent l\'habitude de se retrouver sur la montagne de la sagesse où les deux mondes se touchent presque. Adolescents, ils sont amoureux mais il est interdit de communiquer entre les deux mondes et la police les surprend lorsqu\'ils sont ensemble. Alors qu\'Adam aide Eden à retourner sur son monde, la police lui tire dessus et il lâche Eden qui tombe et se frappe la tête. À la suite de cet accident, Eden devient amnésique et Adam ne peut plus revenir à la montagne de la sagesse. Dix ans plus tard, Adam voit Eden à la télévision et tente l\'impossible en défiant les lois de la gravité.', 'Adam.jpg'),
	(10, 'Eden', 'Adam et Eden vivent dans un univers dans lequel deux planètes vivent l\'une en dessous de l\'autre avec des centres de gravité opposés, où toute matière d\'un monde obéit à la gravité de celui-ci. Eden vit dans le monde d\'en haut, prospère et riche, et Adam vit dans le monde d\'en-bas, monde pauvre. Lorsqu\'ils sont petits, Adam et Eden prennent l\'habitude de se retrouver sur la montagne de la sagesse où les deux mondes se touchent presque. Adolescents, ils sont amoureux mais il est interdit de communiquer entre les deux mondes et la police les surprend lorsqu\'ils sont ensemble. Alors qu\'Adam aide Eden à retourner sur son monde, la police lui tire dessus et il lâche Eden qui tombe et se frappe la tête. À la suite de cet accident, Eden devient amnésique et Adam ne peut plus revenir à la montagne de la sagesse. Dix ans plus tard, Adam voit Eden à la télévision et tente l\'impossible en défiant les lois de la gravité.', 'Eden.jpg'),
	(11, 'Chuck Noland', 'Chuck Noland est un analyste de systèmes et un cadre de FedEx qui parcourt le monde pour résoudre des problèmes de productivité. Il vit avec sa compagne, Kelly Frears, à Memphis, dans le Tennessee.', 'Chuck Noland.jpg'),
	(12, 'Jake Sully', 'Jake Sully est un ancien Marine paraplégique. Il a l’opportunité de se rendre sur la lointaine Pandora, pour remplacer son frère décédé dans le cadre du programme Avatar. S’il arrive sur la planète sans la connaître, il se rapproche vite du clan Na\'vi Omaticaya, notamment de Neytiri avec qui il va apprendre à voir la nature d’un autre œil, ce qui va l’amener à devoir choisir un camps, entre son espèce dévastatrice et ses nouveaux protecteurs, et devoir assumer les conséquences de ses choix et de ses actes.', 'Jake Sully.jpg'),
	(13, 'Neytiri', 'Neytiri Dis\'kahan Mo\'at\'itey (connue seulement sous le nom de Neytiri) est une Na\'vi, princesse du clan des Omaticayas. Elle est la fille d\'Eytukan et de Mo\'at. Elle sera la future tsahik de la tribu, et son conjoint Jake Sully, deviendra Olo\'eyktan (leader).', 'Neytiri.jpg'),
	(14, 'Astérix', 'Apparence. Astérix est un petit personnage blond à moustache et avec un gros nez. Il porte un gilet noir, de braies rouges et de chaussures. Il a aussi une épée courte, un glaive et une petite gourde qui contient de la potion magique.', 'Astérix.webp'),
	(15, 'Obélix', 'Les auteurs d’Astérix René Goscinny et Albert Uderzo ont de nombreuses fois collaboré avant la création de cette série. En 1958, ils créent notamment le personnage Oumpah-Pah, un Amérindien vivant en Nouvelle-France et allié des Français. La série Oumpah-Pah contient tous les ingrédients de ce qui sera plus tard la série Astérix le Gaulois : le duo comique avec le personnage d’Oumpah-Pah et son ami le chevalier français Hubert de la Pâte Feuilletée ressemble au duo Astérix et Obélix1 ; mais ce qui rapproche surtout Obélix d’Oumpah-Pah, outre sa force surhumaine (une force naturelle sans l’aide de potion) est son imposant physique 2.', 'Obélix.jpg'),
	(16, 'Numerobis', 'Cléopâtre, la reine d’Égypte, décide, pour défier l\'Empereur romain Jules César, de construire en trois mois un palais somptueux en plein désert. Si elle y parvient, celui-ci devra concéder publiquement que le peuple égyptien est le plus grand de tous les peuples. Pour ce faire, Cléopâtre fait appel à Numérobis, un architecte d\'avant-garde plein d\'énergie. S\'il réussit, elle le couvrira d\'or. S\'il échoue, elle le jettera aux crocodiles.', 'numerobis.jpg'),
	(17, 'Jack Sparrow', 'Jack Sparrow est le seigneur pirate de la mer des Caraïbes. Il apprécie la liberté que lui apporte sa vie de boucanier, buvant du rhum et séduisant des femmes tout en cherchant des trésors surnaturels. Il a recours à de nombreuses reprises à la négociation et à la trahison, préférant les pourparlers aux armes pour survivre. Dans le premier film de la série, le personnage cherche à récupérer son navire, le Black Pearl, des mains de son second, le capitaine Hector Barbossa (Geoffrey Rush). Dans les suites, Sparrow cherche plutôt à échapper à la dette qui le lie à Davy Jones, à combattre la Compagnie des Indes orientales ou à affronter d\'anciens ennemis qui veulent se venger, tels que Salazar.', 'Jack Sparrow.webp'),
	(18, 'William Turner III', 'William « Will » Turner est un forgeron devenu pirate. Il est le fils de Bill Turner l’époux d’Elizabeth Swann et le père d\'Henry Turner.', 'William Turner 3.webp'),
	(19, 'Elizabeth Swann', 'Elizabeth Swann, épouse Turner, est la fille du gouverneur Weatherby Swann, devenue pirate au cours de son adolescence. Au cours de la guerre contre la piraterie, elle est désignée seigneur des pirates et est élue roi du tribunal de la confrérie.', 'Elizabeth Swann.jpg'),
	(20, 'Tyler Durden', 'Tyler a décrit son monde idéal comme un paradis arcadien, des humains vivant librement au milieu de ruines urbaines post-apocalyptiques. Certains critiques prétendent que Tyler Durden était un hypocrite, prêchant la liberté tout en commandant son propre culte personnel.', 'Tyler Durden.webp'),
	(21, 'Le narrateur', 'Le narrateur est un technicien de rappel en usine de voitures défectueuses pour une grande marque. Trentenaire célibataire, désillusionné par la vie et anhédonique, il souffre d\'insomnie chronique et cherche un moyen de s\'évader de son existence monotone. Refusant de l\'assister par médication, son médecin lui suggère de participer à des groupes de parole centrés sur divers troubles et maladies, de façon à relativiser son état de souffrance. Le narrateur rejoint donc un groupe de victimes du cancer des testicules, et s\'aperçoit que se faire passer pour une victime lui permet de se sentir en vie et de soigner son insomnie. Il y prend goût et décide d\'intégrer d\'autres groupes d\'entraide mais remarque bientôt qu\'une femme, Marla Singer, participe comme lui à tous les groupes. Incommodé par la présence d\'un autre imposteur, il négocie avec elle pour qu\'ils se répartissent les différentes séances hebdomadaires.', 'Le Narrateur.jpg'),
	(22, 'Marla Singer', 'Trop effrayée et perdue pour savoir quelle direction prendre dans la vie, elle préfère ne plus rien faire (hormis y mettre un terme en absorbant une bouteille de Xanax…). Dénuée de confiance en elle, Marla se décrit comme une personne inquiète de se voir vieillir dans cette vie qu\'elle ne ressent pas.', 'Marla Singer.webp'),
	(23, 'Alfredo Linguini', 'Alfredo Linguini-Gusteau, plus connu simplement en tant qu\'Alfredo Linguini (ou tout simplement Linguini), est un apprenti cuisinier devenu patron et serveur de restaurant. Il est le protagoniste central dans le film d\'animation à succès de Pixar Animation Studios, Ratatouille (2007). Un personnage culte, Linguini est également apparu dans les nombreux produits dérivés de ses studios comme ses jeux-vidéos. Il a été interprété dans la version française par l\'acteur et chanteur Thierry Ragueneau, dans la version québécoise par l\'acteur Philippe Martin, et enfin dans la version originale par l\'acteur et animateur Lou Romano, un collaborateur de Pixar connu pour avoir prêté sa voix à plusieurs personnages dans les films sur lesquels il a travaillé, notamment Plein-Pot dans Cars : Quatre Roues (2006).', 'Alfredo Linguini.webp'),
	(24, 'Rémy', 'Rémy est un personnage de fiction, un rat d\'égout apparaissant dans le film Ratatouille. Il est également le héros des jeux vidéo dérivés du film, comme Ratatouille ou Ratatouille : Cuisine en délire.', 'Rémy.jpeg'),
	(25, 'Andrew Martin', 'Gérald Martin a acheté pour sa famille un robot de type NDR à la société US Robots, qui possède le monopole dans ce domaine. Le robot est vite baptisé Andrew et sert de valet, de maître d\'hôtel et de femme de chambre. Il remplit correctement ses fonctions tout en divertissant les deux filles de M. Martin, jusqu\'au jour où il offre à « la petite Mademoiselle » un pendentif qu\'il a taillé dans le bois.', 'Andrew Martin.png'),
	(26, 'Amanda Martin', 'À ceci près que l\'« Andrew » (Amanda entend mal le mot "androïde") en question ne sera pas aussi simple que le modèle classique. Doté d\'un esprit d\'analyse modifié par accident, le robot se montre capable de créativité (notamment en sculptant de petits animaux en bois sans que personne lui apprenne). Il va se donner des buts, des objectifs à atteindre et va, au fil de ses apprentissages et de ses émotions, apprendre la vie.', 'Amanda Martin.jpg'),
	(27, 'Simba', 'Simba est un personnage de fiction apparu pour la première fois dans le long métrage d\'animation Le Roi lion. Le personnage apparaît dans les suites et réadaptations : Le Roi lion 2 : L\'Honneur de la tribu, Le Roi lion 3 : Hakuna Matata et Le Roi lion (2019).', 'Simba.png'),
	(28, 'Mufasa', 'Mufasa incarne l\'instinct paternel chez Disney, mais est également le symbole de la force et de la férocité propres au lion. Il est donc l\'archétype du statut royal que le lion occupe métaphoriquement parmi les animaux. Père reconnu de Simba (héritier du trône), il est en rivalité avec son frère Scar. Ce dernier l\'assassinera afin de prendre sa place en tant que roi en faisant fuir Simba qu\'il convainc d\'être responsable de la mort de son père et qu\'il tente d\'assassiner à l\'aide des hyènes.', 'Mufasa.jpg'),
	(29, 'Scar', 'Scar est un personnage de fiction apparu pour la première fois dans le long métrage d\'animation Le Roi lion (1994). Ce lion est le frère cadet de Mufasa, écarté du trône en raison du droit d\'aînesse. Il meurt tué et dévoré par les hyènes après les avoir traitées d\'ennemies.', 'Scar.webp'),
	(30, 'Zira', 'Zira est un personnage de fiction apparu pour la première fois dans le long-métrage d\'animation Le Roi lion 2 : L\'Honneur de la Tribu. Cette lionne est la veuve de Scar et est l\'antagoniste du film.', 'Zira.jpg'),
	(31, 'Maria', 'Maria (Brigitte Helm), une femme de la ville basse, essaie de promouvoir l\'entente entre les classes, et emmène clandestinement des enfants d\'ouvriers visiter la ville haute. ', 'Maria.jpg'),
	(32, 'Rotwang', 'L’hybride Rotwang (Rudolf Klein-Rogge), met au point un androïde à l’apparence féminine, lequel sera chargé d\'exhorter les ouvriers à se rebeller contre le maître de la cité', 'Rotwang.webp'),
	(33, 'Tony Montana', 'Antonio « Tony » Montana, dit Scarface, est un héros cinématographique et vidéoludique. Il est le personnage principal des deux films Scarface (surnom qui signifie en anglais « le Balafré »), le premier Scarface de Howard Hawks (1932), le second, Scarface de Brian De Palma, sorti en 1983, ainsi que du jeu vidéo Scarface : The World is Yours (2006).', 'Tony Montana.jpg'),
	(34, 'Elvira Hancock', 'Elvira Hancock est un personnage fictif du film policier américain Scarface de 1983, interprétée par Michelle Pfeiffer. Cela s\'est avéré être son rôle décisif. Elle est la maîtresse de Frank Lopez (Robert Loggia) et après sa mort, devient l\'épouse de Tony Montana (Al Pacino).', 'Elvira Hancock.jpg');

/*!40103 SET TIME_ZONE=IFNULL(@OLD_TIME_ZONE, 'system') */;
/*!40101 SET SQL_MODE=IFNULL(@OLD_SQL_MODE, '') */;
/*!40014 SET FOREIGN_KEY_CHECKS=IFNULL(@OLD_FOREIGN_KEY_CHECKS, 1) */;
/*!40101 SET CHARACTER_SET_CLIENT=@OLD_CHARACTER_SET_CLIENT */;
/*!40111 SET SQL_NOTES=IFNULL(@OLD_SQL_NOTES, 1) */;
